<?xml version="1.0" encoding="UTF-8"?>
<mule xmlns:tracking="http://www.mulesoft.org/schema/mule/ee/tracking" xmlns:doc="http://www.mulesoft.org/schema/mule/documentation" xmlns="http://www.mulesoft.org/schema/mule/core" xmlns:apikit="http://www.mulesoft.org/schema/mule/apikit" xmlns:http="http://www.mulesoft.org/schema/mule/http" xmlns:spring="http://www.springframework.org/schema/beans" xmlns:xsi="http://www.w3.org/2001/XMLSchema-instance" xsi:schemaLocation="http://www.mulesoft.org/schema/mule/core http://www.mulesoft.org/schema/mule/core/current/mule.xsd
http://www.mulesoft.org/schema/mule/http http://www.mulesoft.org/schema/mule/http/current/mule-http.xsd
http://www.mulesoft.org/schema/mule/apikit http://www.mulesoft.org/schema/mule/apikit/current/mule-apikit.xsd
http://www.springframework.org/schema/beans http://www.springframework.org/schema/beans/spring-beans-3.1.xsd
http://www.mulesoft.org/schema/mule/ee/tracking http://www.mulesoft.org/schema/mule/ee/tracking/current/mule-tracking-ee.xsd">
    <http:listener-config name="AmericanAPI_GA-httpListenerConfig" host="0.0.0.0" port="8081" doc:name="HTTP Listener Configuration"/>
    <apikit:config name="AmericanAPI_GA-config" raml="AmericanAPI_GA.raml" consoleEnabled="false" doc:name="Router"/>
    <flow name="AmericanAPI_GA-main">
        <http:listener config-ref="AmericanAPI_GA-httpListenerConfig" path="/api/*" doc:name="HTTP"/>
        <apikit:router config-ref="AmericanAPI_GA-config" doc:name="APIkit Router"/>
        <exception-strategy ref="AmericanAPI_GA-apiKitGlobalExceptionMapping" doc:name="Reference Exception Strategy"/>
    </flow>
    <flow name="AmericanAPI_GA-console">
        <http:listener config-ref="AmericanAPI_GA-httpListenerConfig" path="/console/*" doc:name="HTTP"/>
        <apikit:console config-ref="AmericanAPI_GA-config" doc:name="APIkit Console"/>
    </flow>
    <flow name="put:/flights:AmericanAPI_GA-config">
        <set-property propertyName="Content-Type" value="application/json" doc:name="Property"/>
        <set-payload value="{&quot;message&quot;: &quot;Flight added (but not really) Put&quot;}" doc:name="Set Payload"/>
    </flow>
    <flow name="delete:/flights">
        <set-payload value="{&quot;message&quot;: &quot;Flight Deleted (but not really)&quot;}" doc:name="Set Payload"/>
    </flow>
    <flow name="get:/flights">
        <flow-ref name="getFlightsImpl" doc:name="getFlightsImpl"/>

    </flow>
    <flow name="get:/flights/{ID}">
        <flow-ref name="getFlightsByIdImpl" doc:name="getFlightsByIdImpl"/>

    </flow>
    <flow name="post:/flights">
        <set-property propertyName="Content-Type" value="application/json" doc:name="Property"/>
        <set-payload value="{&quot;message&quot;: &quot;Flight added (but not really) Post&quot;}" doc:name="Set Payload"/>
    </flow>
    <apikit:mapping-exception-strategy name="AmericanAPI_GA-apiKitGlobalExceptionMapping">
        <apikit:mapping statusCode="404">
            <apikit:exception value="org.mule.module.apikit.exception.NotFoundException" />
            <set-property propertyName="Content-Type" value="application/json" doc:name="Property"/>
            <set-payload value="{ &quot;message&quot;: &quot;Resource not found&quot; }" doc:name="Set Payload"/>
        </apikit:mapping>
        <apikit:mapping statusCode="405">
            <apikit:exception value="org.mule.module.apikit.exception.MethodNotAllowedException" />
            <set-property propertyName="Content-Type" value="application/json" doc:name="Property"/>
            <set-payload value="{ &quot;message&quot;: &quot;Method not allowed&quot; }" doc:name="Set Payload"/>
        </apikit:mapping>
        <apikit:mapping statusCode="415">
            <apikit:exception value="org.mule.module.apikit.exception.UnsupportedMediaTypeException" />
            <set-property propertyName="Content-Type" value="application/json" doc:name="Property"/>
            <set-payload value="{ &quot;message&quot;: &quot;Unsupported media type&quot; }" doc:name="Set Payload"/>
        </apikit:mapping>
        <apikit:mapping statusCode="406">
            <apikit:exception value="org.mule.module.apikit.exception.NotAcceptableException" />
            <set-property propertyName="Content-Type" value="application/json" doc:name="Property"/>
            <set-payload value="{ &quot;message&quot;: &quot;Not acceptable&quot; }" doc:name="Set Payload"/>
        </apikit:mapping>
        <apikit:mapping statusCode="400">
            <apikit:exception value="org.mule.module.apikit.exception.BadRequestException" />
            <set-property propertyName="Content-Type" value="application/json" doc:name="Property"/>
            <set-payload value="{ &quot;message&quot;: &quot;Bad request&quot; }" doc:name="Set Payload"/>
        </apikit:mapping>
    </apikit:mapping-exception-strategy>
</mule>
